resource_type,owner_id,collection_type,external_id,id,name,full_name,description,attr:resultTarget,attr:Applicable Periods,ZenDesk: Year/Version,ZenDesk: Type,ZenDesk: Data Set,ZenDesk: HTML Link,ZenDesk: DATIM SqlView ID,ZenDesk: DATIM DataSet ID
Collection,PEPFAR,Code List,qzVASYuaIey,MER_R_COMMUNITY_BASED,MER R: Community Based,MER Results: Community Based,,Result,FY20,FY20,Result,Community Based Code List,https://www.datim.org/api/sqlViews/DotdxKrNZxG/data.html+css?var=dataSets:qzVASYuaIey,DotdxKrNZxG,qzVASYuaIey
Collection,PEPFAR,Code List,BPEyzcDb8fT,MER_R_COMMUNITY_BASED_DOD_ONLY,MER R: Community Based - DoD ONLY,MER Results: Community Based - DoD ONLY,,Result,FY20,FY20,Result,Community Based - DoD ONLY Code List,https://www.datim.org/api/sqlViews/DotdxKrNZxG/data.html+css?var=dataSets:BPEyzcDb8fT,DotdxKrNZxG,BPEyzcDb8fT
Collection,PEPFAR,Code List,jKdHXpBfWop,MER_R_FACILITY_BASED,MER R: Facility Based,MER Results: Facility Based,,Result,FY20,FY20,Result,Facility Based Code List,https://www.datim.org/api/sqlViews/DotdxKrNZxG/data.html+css?var=dataSets:jKdHXpBfWop,DotdxKrNZxG,jKdHXpBfWop
Collection,PEPFAR,Code List,em1U5x9hhXh,MER_R_FACILITY_BASED_DOD_ONLY,MER R: Facility Based - DoD ONLY,MER Results: Facility Based - DoD ONLY,,Result,FY20,FY20,Result,Facility Based - DoD ONLY Code List,https://www.datim.org/api/sqlViews/DotdxKrNZxG/data.html+css?var=dataSets:em1U5x9hhXh,DotdxKrNZxG,em1U5x9hhXh
Collection,PEPFAR,Code List,biO64JF8Ait,MER_R_OPERATING_UNIT_LEVEL_IM,MER R: Operating Unit Level (IM),MER Results: Operating Unit Level (IM),,Result,FY20,FY20,Result,Operating Unit Level (IM),https://www.datim.org/api/sqlViews/DotdxKrNZxG/data.html+css?var=dataSets:biO64JF8Ait,DotdxKrNZxG,biO64JF8Ait
Collection,PEPFAR,Code List,x5lMwEHWSds,MER_R_NARRATIVES_IM,MER R: Narratives (IM),MER Results: Narratives (IM),,Result,FY20,FY20,Result,Narratives (IM),https://www.datim.org/api/sqlViews/DotdxKrNZxG/data.html+css?var=dataSets:x5lMwEHWSds,DotdxKrNZxG,x5lMwEHWSds
Collection,PEPFAR,Code List,wkdCW3M4zYT,HC_R_NARRATIVES_USG,HC R: Narratives (USG),Host Country Results: Narratives (USG),,Result,FY20,FY20,Result,Host Country Results: Narratives (USG),https://www.datim.org/api/sqlViews/DotdxKrNZxG/data.html+css?var=dataSets:wkdCW3M4zYT,DotdxKrNZxG,wkdCW3M4zYT
Collection,PEPFAR,Code List,aUmlPChIptc,HC_R_OPERATING_UNIT_LEVEL_USG,HC R: Operating Unit Level (USG),Host Country Results: Operating Unit Level (USG),,Result,FY20,FY20,Result,Host Country Results: Operating Unit Level (USG),https://www.datim.org/api/sqlViews/DotdxKrNZxG/data.html+css?var=dataSets:aUmlPChIptc,DotdxKrNZxG,aUmlPChIptc
Collection,PEPFAR,Code List,ctKXzmv2CVu,HC_R_COP_PRIORITIZATION_SNU_USG,HC R: COP Prioritization SNU (USG),Host Country Results: COP Prioritization SNU (USG),,Result,FY20,FY20,Result,Host Country Results: COP Prioritization SNU (USG),https://www.datim.org/api/sqlViews/DotdxKrNZxG/data.html+css?var=dataSets:ctKXzmv2CVu,DotdxKrNZxG,ctKXzmv2CVu
Collection,PEPFAR,Code List,OXs3gB3RqtO,HC_R_FACILITY_USG,HC R: Facility (USG),Host Country Results: Facility (USG),,Result,FY20,FY20,Result,Host Country Results: Facility (USG),https://www.datim.org/api/sqlViews/DotdxKrNZxG/data.html+css?var=dataSets:OXs3gB3RqtO,DotdxKrNZxG,OXs3gB3RqtO
Collection,PEPFAR,Code List,mbdbMiLZ4AA,HC_R_COMMUNITY_USG,HC R: Community (USG),Host Country Results: DREAMS (USG),,Result,FY20,FY20,Result,Host Country Results: DREAMS (USG),https://www.datim.org/api/sqlViews/DotdxKrNZxG/data.html+css?var=dataSets:mbdbMiLZ4AA,DotdxKrNZxG,mbdbMiLZ4AA
Collection,PEPFAR,Code List,OzNbT46cSnx,MER_T_NARRATIVES_IM,MER T: Narratives (IM),MER Targets: Narratives (IM),,Target,FY20,COP20 (FY21),Target,MER Targets: Narratives (IM),https://www.datim.org/api/sqlViews/DotdxKrNZxG/data.html+css?var=dataSets:OzNbT46cSnx,DotdxKrNZxG,OzNbT46cSnx
Collection,PEPFAR,Code List,Pmc0yYAIi1t,MER_T_PSNU,MER T: PSNU,MER Target Setting: PSNU (Facility and Community Combined),,Target,FY20,COP20 (FY21),Target,MER Target Setting: PSNU (Facility and Community Combined),https://www.datim.org/api/sqlViews/DotdxKrNZxG/data.html+css?var=dataSets:Pmc0yYAIi1t,DotdxKrNZxG,Pmc0yYAIi1t
Collection,PEPFAR,Code List,s1sxJuqXsvV,MER_T_PSNU_DOD_ONLY,MER T: PSNU - DoD Only,MER Target Setting: PSNU (Facility and Community Combined) - DoD ONLY,,Target,FY20,COP20 (FY21),Target,MER Target Setting: PSNU (Facility and Community Combined) - DoD ONLY,https://www.datim.org/api/sqlViews/DotdxKrNZxG/data.html+css?var=dataSets:s1sxJuqXsvV,DotdxKrNZxG,s1sxJuqXsvV
Collection,PEPFAR,Code List,J6Bdw3JFQ6t,HC_T_NARRATIVES_USG,HC T: Narratives (USG),Host Country Targets: Narratives (USG),,Target,FY20,COP20 (FY21),Target,Host Country Targets: Narratives (USG),https://www.datim.org/api/sqlViews/DotdxKrNZxG/data.html+css?var=dataSets:J6Bdw3JFQ6t,DotdxKrNZxG,J6Bdw3JFQ6t
Collection,PEPFAR,Code List,i1ajYm6k2yL,HC_T_OPERATING_UNIT_LEVEL_USG,HC T: Operating Unit Level (USG),Host Country Targets: Operating Unit Level (USG),,Target,FY20,COP20 (FY21),Target,Host Country Targets: Operating Unit Level (USG),https://www.datim.org/api/sqlViews/DotdxKrNZxG/data.html+css?var=dataSets:i1ajYm6k2yL,DotdxKrNZxG,i1ajYm6k2yL
Collection,PEPFAR,Code List,j7jzezIhgPj,HC_T_COP_PRIORITIZATION_SNU_USG,HC T: COP Prioritization SNU (USG),Host Country Targets: COP Prioritization SNU (USG),,Target,FY20,COP20 (FY21),Target,Host Country Targets: COP Prioritization SNU (USG),https://www.datim.org/api/sqlViews/DotdxKrNZxG/data.html+css?var=dataSets:j7jzezIhgPj,DotdxKrNZxG,j7jzezIhgPj
Collection,PEPFAR,Code List,zUoy5hk8r0q,MER_R_COMMUNITY_BASED_FY2019Q4,MER R: Community Based FY2019Q4,MER Results: Community Based FY2019Q4,,Result,FY19,FY19,Result,Community Based Code List,https://www.datim.org/api/sqlViews/DotdxKrNZxG/data.html+css?var=dataSets:zUoy5hk8r0q,DotdxKrNZxG,zUoy5hk8r0q
Collection,PEPFAR,Code List,PyD4x9oFwxJ,MER_R_COMMUNITY_BASED_DOD_ONLY_FY2019Q4,MER R: Community Based - DoD ONLY FY2019Q4,MER Results: Community Based - DoD ONLY FY2019Q4,,Result,FY19,FY19,Result,Community Based - DoD ONLY Code List,https://www.datim.org/api/sqlViews/DotdxKrNZxG/data.html+css?var=dataSets:PyD4x9oFwxJ,DotdxKrNZxG,PyD4x9oFwxJ
Collection,PEPFAR,Code List,KWRj80vEfHU,MER_R_FACILITY_BASED_FY2019Q4,MER R: Facility Based FY2019Q4,MER Results: Facility Based FY2019Q4,,Result,FY19,FY19,Result,Facility Based Code List,https://www.datim.org/api/sqlViews/DotdxKrNZxG/data.html+css?var=dataSets:KWRj80vEfHU,DotdxKrNZxG,KWRj80vEfHU
Collection,PEPFAR,Code List,fi9yMqWLWVy,MER_R_FACILITY_BASED_DOD_ONLY_FY2019Q4,MER R: Facility Based - DoD ONLY FY2019Q4,MER Results: Facility Based - DoD ONLY FY2019Q4,,Result,FY19,FY19,Result,Facility Based - DoD ONLY Code List,https://www.datim.org/api/sqlViews/DotdxKrNZxG/data.html+css?var=dataSets:fi9yMqWLWVy,DotdxKrNZxG,fi9yMqWLWVy
Collection,PEPFAR,Code List,IZ71Y2mEBJF,MER_R_MEDICAL_STORE_FY2019Q4,MER R: Medical Store FY2019Q4,MER Results: Medical Store FY2019Q4,,Result,"FY18, FY19","FY18, FY19",Result,Medical Store,https://www.datim.org/api/sqlViews/DotdxKrNZxG/data.html+css?var=dataSets:IZ71Y2mEBJF,DotdxKrNZxG,IZ71Y2mEBJF
Collection,PEPFAR,Code List,ndp6aR3e1X3,MER_R_OPERATING_UNIT_LEVEL_IM_FY2019Q4,MER R: Operating Unit Level (IM) FY2019Q4,MER Results: Operating Unit Level (IM) FY2019Q4,,Result,FY19,FY19,Result,Operating Unit Level (IM),https://www.datim.org/api/sqlViews/DotdxKrNZxG/data.html+css?var=dataSets:ndp6aR3e1X3,DotdxKrNZxG,ndp6aR3e1X3
Collection,PEPFAR,Code List,pnlFw2gDGHD,MER_R_NARRATIVES_IM_FY2019Q4,MER R: Narratives (IM) FY2019Q4,MER Results: Narratives (IM) FY2019Q4,,Result,FY19,FY19,Result,Narratives (IM),https://www.datim.org/api/sqlViews/DotdxKrNZxG/data.html+css?var=dataSets:pnlFw2gDGHD,DotdxKrNZxG,pnlFw2gDGHD
Collection,PEPFAR,Code List,gc4KOv8kGlI,HC_R_NARRATIVES_USG_FY2019Q4,HC R: Narratives (USG) FY2019Q4,Host Country Results: Narratives (USG) FY2019Q4,,Result,FY19,FY19,Result,Host Country Results: Narratives (USG),https://www.datim.org/api/sqlViews/DotdxKrNZxG/data.html+css?var=dataSets:gc4KOv8kGlI,DotdxKrNZxG,gc4KOv8kGlI
Collection,PEPFAR,Code List,FsYxodZiXyH,HC_R_OPERATING_UNIT_LEVEL_USG_FY2019Q4,HC R: Operating Unit Level (USG) FY2019Q4,Host Country Results: Operating Unit Level (USG) FY2019Q4,,Result,FY19,FY19,Result,Host Country Results: Operating Unit Level (USG),https://www.datim.org/api/sqlViews/DotdxKrNZxG/data.html+css?var=dataSets:FsYxodZiXyH,DotdxKrNZxG,FsYxodZiXyH
Collection,PEPFAR,Code List,iJ4d5HdGiqG,HC_R_COP_PRIORITIZATION_SNU_USG_FY2019Q4,HC R: COP Prioritization SNU (USG) FY2019Q4,Host Country Results: COP Prioritization SNU (USG) FY2019Q4,,Result,FY19,FY19,Result,Host Country Results: COP Prioritization SNU (USG),https://www.datim.org/api/sqlViews/DotdxKrNZxG/data.html+css?var=dataSets:iJ4d5HdGiqG,DotdxKrNZxG,iJ4d5HdGiqG
Collection,PEPFAR,Code List,GiqB9vjbdwb,HC_R_FACILITY_USG_FY2019Q4,HC R: Facility (USG) FY2019Q4,Host Country Results: Facility (USG) FY2019Q4,,Result,FY19,FY19,Result,Host Country Results: Facility (USG),https://www.datim.org/api/sqlViews/DotdxKrNZxG/data.html+css?var=dataSets:GiqB9vjbdwb,DotdxKrNZxG,GiqB9vjbdwb
Collection,PEPFAR,Code List,EbZrNIkuPtc,HC_R_COMMUNITY_USG_FY2019Q4,HC R: Community (USG) FY2019Q4,Host Country Results: DREAMS (USG) FY2019Q4,,Result,FY19,FY19,Result,Host Country Results: DREAMS (USG),https://www.datim.org/api/sqlViews/DotdxKrNZxG/data.html+css?var=dataSets:EbZrNIkuPtc,DotdxKrNZxG,EbZrNIkuPtc
Collection,PEPFAR,Code List,nIHNMxuPUOR,MER_T_COMMUNITY_BASED_FY2020,MER T: Community Based FY2020,MER Targets: Community Based FY2020,,Target,FY19,COP19 (FY20),Target,Community Based Code List,https://www.datim.org/api/sqlViews/DotdxKrNZxG/data.html+css?var=dataSets:nIHNMxuPUOR,DotdxKrNZxG,nIHNMxuPUOR
Collection,PEPFAR,Code List,C2G7IyPPrvD,MER_T_COMMUNITY_BASED_DOD_ONLY_FY2020,MER T: Community Based - DoD ONLY FY2020,MER Targets: Community Based - DoD ONLY FY2020,,Target,FY19,COP19 (FY20),Target,Community Based - DoD ONLY Code List,https://www.datim.org/api/sqlViews/DotdxKrNZxG/data.html+css?var=dataSets:C2G7IyPPrvD,DotdxKrNZxG,C2G7IyPPrvD
Collection,PEPFAR,Code List,sBv1dj90IX6,MER_T_FACILITY_BASED_FY2020,MER T: Facility Based FY2020,MER Targets: Facility Based FY2020,,Target,FY19,COP19 (FY20),Target,Facility Based Code List,https://www.datim.org/api/sqlViews/DotdxKrNZxG/data.html+css?var=dataSets:sBv1dj90IX6,DotdxKrNZxG,sBv1dj90IX6
Collection,PEPFAR,Code List,HiJieecLXxN,MER_T_FACILITY_BASED_DOD_ONLY_FY2020,MER T: Facility Based - DoD ONLY FY2020,MER Targets: Facility Based - DoD ONLY FY2020,,Target,FY19,COP19 (FY20),Target,Facility Based - DoD ONLY Code List,https://www.datim.org/api/sqlViews/DotdxKrNZxG/data.html+css?var=dataSets:HiJieecLXxN,DotdxKrNZxG,HiJieecLXxN
Collection,PEPFAR,Code List,dNGGlQyiq9b,MER_T_NARRATIVES_IM_FY2020,MER T: Narratives (IM) FY2020,MER Targets: Narratives (IM) FY2020,,Target,FY19,COP19 (FY20),Target,Narratives (IM) Code List,https://www.datim.org/api/sqlViews/DotdxKrNZxG/data.html+css?var=dataSets:dNGGlQyiq9b,DotdxKrNZxG,dNGGlQyiq9b
Collection,PEPFAR,Code List,tTK9BhvS5t3,HC_T_NARRATIVES_USG_FY2020,HC T: Narratives (USG) FY2020,Host Country Targets: Narratives (USG) FY2020,,Target,FY19,COP19 (FY20),Target,Host Country Targets: Narratives (USG) Code List,https://www.datim.org/api/sqlViews/DotdxKrNZxG/data.html+css?var=dataSets:tTK9BhvS5t3,DotdxKrNZxG,tTK9BhvS5t3
Collection,PEPFAR,Code List,PH3bllbLw8W,HC_T_OPERATING_UNIT_LEVEL_USG_FY2020,HC T: Operating Unit Level (USG) FY2020,Host Country Targets: Operating Unit Level (USG) FY2020,,Target,FY19,COP19 (FY20),Target,Host Country Operating Unit Level (USG) Code,https://www.datim.org/api/sqlViews/DotdxKrNZxG/data.html+css?var=dataSets:PH3bllbLw8W,DotdxKrNZxG,PH3bllbLw8W
Collection,PEPFAR,Code List,N4X89PgW01w,HC_T_COP_PRIORITIZATION_SNU_USG_FY2020,HC T: COP Prioritization SNU (USG) FY2020,Host Country Targets: COP Prioritization SNU (USG) FY2020,,Target,FY19,COP19 (FY20),Target,Host Country COP Prioritization SNU (USG),https://www.datim.org/api/sqlViews/DotdxKrNZxG/data.html+css?var=dataSets:N4X89PgW01w,DotdxKrNZxG,N4X89PgW01w
Collection,PEPFAR,Code List,WbszaIdCi92,MER_R_COMMUNITY_BASED_FY2018Q4,MER R: Community Based FY2018Q4,MER Results: Community Based FY2018Q4,,Result,FY18,FY18,Result,Community Based Code List,https://www.datim.org/api/sqlViews/DotdxKrNZxG/data.html+css?var=dataSets:WbszaIdCi92,DotdxKrNZxG,WbszaIdCi92
Collection,PEPFAR,Code List,uN01TT331OP,MER_R_COMMUNITY_BASED_DOD_ONLY_FY2018Q4,MER R: Community Based - DoD ONLY FY2018Q4,MER Results: Community Based - DoD ONLY FY2018Q4,,Result,FY18,FY18,Result,Community Based - DoD ONLY Code List,https://www.datim.org/api/sqlViews/DotdxKrNZxG/data.html+css?var=dataSets:uN01TT331OP,DotdxKrNZxG,uN01TT331OP
Collection,PEPFAR,Code List,tz1bQ3ZwUKJ,MER_R_FACILITY_BASED_FY2018Q4,MER R: Facility Based FY2018Q4,MER Results: Facility Based FY2018Q4,,Result,FY18,FY18,Result,Facility Based Code List,https://www.datim.org/api/sqlViews/DotdxKrNZxG/data.html+css?var=dataSets:tz1bQ3ZwUKJ,DotdxKrNZxG,tz1bQ3ZwUKJ
Collection,PEPFAR,Code List,BxIx51zpAjh,MER_R_FACILITY_BASED_DOD_ONLY_FY2018Q4,MER R: Facility Based - DoD ONLY FY2018Q4,MER Results: Facility Based - DoD ONLY FY2018Q4,,Result,FY18,FY18,Result,Facility Based - DoD ONLY Code List,https://www.datim.org/api/sqlViews/DotdxKrNZxG/data.html+css?var=dataSets:BxIx51zpAjh,DotdxKrNZxG,BxIx51zpAjh
,PEPFAR,Code List,IZ71Y2mEBJF,MER_R_MEDICAL_STORE_FY2019Q4,MER R: Medical Store FY2019Q4,MER Results: Medical Store FY2019Q4,,Result,FY18,FY18,Result,Medical Store,https://www.datim.org/api/sqlViews/DotdxKrNZxG/data.html+css?var=dataSets:IZ71Y2mEBJF,DotdxKrNZxG,IZ71Y2mEBJF
Collection,PEPFAR,Code List,mByGopCrDvL,MER_R_OPERATING_UNIT_LEVEL_IM_FY2018Q4,MER R: Operating Unit Level (IM) FY2018Q4,MER Results: Operating Unit Level (IM) FY2018Q4,,Result,FY18,FY18,Result,Operating Unit Level (IM),https://www.datim.org/api/sqlViews/DotdxKrNZxG/data.html+css?var=dataSets:mByGopCrDvL,DotdxKrNZxG,mByGopCrDvL
Collection,PEPFAR,Code List,XZfmcxHV4ie,MER_R_NARRATIVES_IM_FY2018Q4,MER R: Narratives (IM) FY2018Q4,MER Results: Narratives (IM) FY2018Q4,,Result,FY18,FY18,Result,Narratives (IM),https://www.datim.org/api/sqlViews/DotdxKrNZxG/data.html+css?var=dataSets:XZfmcxHV4ie,DotdxKrNZxG,XZfmcxHV4ie
Collection,PEPFAR,Code List,jcS5GPoHDE0,HC_R_NARRATIVES_USG_FY2018Q4,HC R: Narratives (USG) FY2018Q4,Host Country Results: Narratives (USG) FY2018Q4,,Result,FY18,FY18,Result,Host Country Results: Narratives (USG),https://www.datim.org/api/sqlViews/DotdxKrNZxG/data.html+css?var=dataSets:jcS5GPoHDE0,DotdxKrNZxG,jcS5GPoHDE0
Collection,PEPFAR,Code List,USbxEt75liS,HC_R_OPERATING_UNIT_LEVEL_USG_FY2018Q4,HC R: Operating Unit Level (USG) FY2018Q4,Host Country Results: Operating Unit Level (USG) FY2018Q4,,Result,FY18,FY18,Result,Host Country Results: Operating Unit Level (USG),https://www.datim.org/api/sqlViews/DotdxKrNZxG/data.html+css?var=dataSets:USbxEt75liS,DotdxKrNZxG,USbxEt75liS
Collection,PEPFAR,Code List,a4FRJ2P4cLf,HC_R_COP_PRIORITIZATION_SNU_USG_FY2018Q4,HC R: COP Prioritization SNU (USG) FY2018Q4,Host Country Results: COP Prioritization SNU (USG) FY2018Q4,,Result,FY18,FY18,Result,Host Country Results: COP Prioritization SNU (USG),https://www.datim.org/api/sqlViews/DotdxKrNZxG/data.html+css?var=dataSets:a4FRJ2P4cLf,DotdxKrNZxG,a4FRJ2P4cLf
Collection,PEPFAR,Code List,l796jk9SW7q,MER_T_COMMUNITY_BASED_FY2019,MER T: Community Based FY2019,MER Targets: Community Based FY2019,,Target,FY18,COP18 (FY19),Target,Community Based Code List,https://www.datim.org/api/sqlViews/DotdxKrNZxG/data.html+css?var=dataSets:l796jk9SW7q,DotdxKrNZxG,l796jk9SW7q
Collection,PEPFAR,Code List,BWBS39fydnX,MER_T_COMMUNITY_BASED_DOD_ONLY_FY2019,MER T: Community Based - DoD ONLY FY2019,MER Targets: Community Based - DoD ONLY FY2019,,Target,FY18,COP18 (FY19),Target,Community Based - DoD ONLY Code List,https://www.datim.org/api/sqlViews/DotdxKrNZxG/data.html+css?var=dataSets:BWBS39fydnX,DotdxKrNZxG,BWBS39fydnX
Collection,PEPFAR,Code List,eyI0UOWJnDk,MER_T_FACILITY_BASED_FY2019,MER T: Facility Based FY2019,MER Targets: Facility Based FY2019,,Target,FY18,COP18 (FY19),Target,Facility Based Code List,https://www.datim.org/api/sqlViews/DotdxKrNZxG/data.html+css?var=dataSets:eyI0UOWJnDk,DotdxKrNZxG,eyI0UOWJnDk
Collection,PEPFAR,Code List,X8sn5HE5inC,MER_T_FACILITY_BASED_DOD_ONLY_FY2019,MER T: Facility Based - DoD ONLY FY2019,MER Targets: Facility Based - DoD ONLY FY2019,,Target,FY18,COP18 (FY19),Target,Facility Based - DoD ONLY Code List,https://www.datim.org/api/sqlViews/DotdxKrNZxG/data.html+css?var=dataSets:X8sn5HE5inC,DotdxKrNZxG,X8sn5HE5inC
Collection,PEPFAR,Code List,TdLjizPNezI,MER_T_NARRATIVES_IM_FY2019,MER T: Narratives (IM) FY2019,MER Targets: Narratives (IM) FY2019,,Target,FY18,COP18 (FY19),Target,Narratives (IM) Code List,https://www.datim.org/api/sqlViews/DotdxKrNZxG/data.html+css?var=dataSets:TdLjizPNezI,DotdxKrNZxG,TdLjizPNezI
Collection,PEPFAR,Code List,I8v9shsCZDS,HC_T_NARRATIVES_USG_FY2019,HC T: Narratives (USG) FY2019,Host Country Targets: Narratives (USG) FY2019,,Target,FY18,COP18 (FY19),Target,Host Country Targets: Narratives (USG) Code List,https://www.datim.org/api/sqlViews/DotdxKrNZxG/data.html+css?var=dataSets:I8v9shsCZDS,DotdxKrNZxG,I8v9shsCZDS
Collection,PEPFAR,Code List,lXQGzSqmreb,HC_T_OPERATING_UNIT_LEVEL_USG_FY2019,HC T: Operating Unit Level (USG) FY2019,Host Country Targets: Operating Unit Level (USG) FY2019,,Target,FY18,COP18 (FY19),Target,Host Country Operating Unit Level (USG) Code,https://www.datim.org/api/sqlViews/DotdxKrNZxG/data.html+css?var=dataSets:lXQGzSqmreb,DotdxKrNZxG,lXQGzSqmreb
Collection,PEPFAR,Code List,Ncq22MRC6gd,HC_T_COP_PRIORITIZATION_SNU_USG_FY2019,HC T: COP Prioritization SNU (USG) FY2019,Host Country Targets: COP Prioritization SNU (USG) FY2019,,Target,FY18,COP18 (FY19),Target,Host Country COP Prioritization SNU (USG),https://www.datim.org/api/sqlViews/DotdxKrNZxG/data.html+css?var=dataSets:Ncq22MRC6gd,DotdxKrNZxG,Ncq22MRC6gd
Collection,PEPFAR,Code List,AitXBHsC7RA,MER_T_FACILITY_BASED_FY2018,MER T: Facility Based FY2018,MER Targets: Facility Based FY2018,,Target,FY18,COP17 (FY18),Target,Facility Based Code List,https://www.datim.org/api/sqlViews/DotdxKrNZxG/data.html+css?var=dataSets:AitXBHsC7RA,DotdxKrNZxG,AitXBHsC7RA
Collection,PEPFAR,Code List,BuRoS9i851o,MER_T_COMMUNITY_BASED_FY2018,MER T: Community Based FY2018,MER Targets: Community Based FY2018,,Target,FY18,COP17 (FY18),Target,Community Based Code List,https://www.datim.org/api/sqlViews/DotdxKrNZxG/data.html+css?var=dataSets:BuRoS9i851o,DotdxKrNZxG,BuRoS9i851o
Collection,PEPFAR,Code List,jEzgpBt5Icf,MER_T_FACILITY_BASED_DOD_ONLY_FY2018,MER T: Facility Based - DoD ONLY FY2018,MER Targets: Facility Based - DoD ONLY FY2018,,Target,FY18,COP17 (FY18),Target,Facility Based - DoD ONLY Code List,https://www.datim.org/api/sqlViews/DotdxKrNZxG/data.html+css?var=dataSets:jEzgpBt5Icf,DotdxKrNZxG,jEzgpBt5Icf
Collection,PEPFAR,Code List,ePndtmDbOJj,MER_T_COMMUNITY_BASED_DOD_ONLY_FY2018,MER T: Community Based - DoD ONLY FY2018,MER Targets: Community Based - DoD ONLY FY2018,,Target,FY18,COP17 (FY18),Target,Community Based - DoD ONLY Code List,https://www.datim.org/api/sqlViews/DotdxKrNZxG/data.html+css?var=dataSets:ePndtmDbOJj,DotdxKrNZxG,ePndtmDbOJj
Collection,PEPFAR,Code List,AvmGbcurn4K,MER_T_NARRATIVES_IM_FY2018,MER T: Narratives (IM) FY2018,MER Targets: Narratives (IM) FY2018,,Target,FY18,COP17 (FY18),Target,Narratives (IM) Code List,https://www.datim.org/api/sqlViews/DotdxKrNZxG/data.html+css?var=dataSets:AvmGbcurn4K,DotdxKrNZxG,AvmGbcurn4K
Collection,PEPFAR,Code List,O8hSwgCbepv,HC_T_COP_PRIORITIZATION_SNU_USG_FY2018,HC T: COP Prioritization SNU (USG) FY2018,Host Country Targets: COP Prioritization SNU (USG) FY2018,,Target,FY18,COP17 (FY18),Target,Host Country COP Prioritization SNU (USG),https://www.datim.org/api/sqlViews/DotdxKrNZxG/data.html+css?var=dataSets:O8hSwgCbepv,DotdxKrNZxG,O8hSwgCbepv
Collection,PEPFAR,Code List,bqiB5G6qgzn,MER_T_OPERATING_UNIT_LEVEL_IM_FY2018,MER T: Operating Unit Level (IM) FY2018,MER Targets: Operating Unit Level (IM) FY2018,,Target,FY18,COP17 (FY18),Target,Operating Unit Level (IM) Code List,https://www.datim.org/api/sqlViews/DotdxKrNZxG/data.html+css?var=dataSets:bqiB5G6qgzn,DotdxKrNZxG,bqiB5G6qgzn
Collection,PEPFAR,Code List,YWZrOj5KS1c,HC_T_OPERATING_UNIT_LEVEL_USG_FY2018,HC T: Operating Unit Level (USG) FY2018,Host Country Targets: Operating Unit Level (USG) FY2018,,Target,FY18,COP17 (FY18),Target,Host Country Operating Unit Level (USG) Code,https://www.datim.org/api/sqlViews/DotdxKrNZxG/data.html+css?var=dataSets:YWZrOj5KS1c,DotdxKrNZxG,YWZrOj5KS1c
Collection,PEPFAR,Code List,c7Gwzm5w9DE,PLANNING_ATTRIBUTES_COP_PRIORITIZATION_NATIONAL,Planning Attributes: COP Prioritization National,Planning Attributes: COP Prioritization National,,Target,FY18,COP17 (FY18),Target,Planning Attributes: COP Prioritization National,https://www.datim.org/api/sqlViews/DotdxKrNZxG/data.html+css?var=dataSets:c7Gwzm5w9DE,DotdxKrNZxG,c7Gwzm5w9DE
Collection,PEPFAR,Code List,pTuDWXzkAkJ,PLANNING_ATTRIBUTES_COP_PRIORITIZATION_SNU_FY2020,Planning Attributes: COP Prioritization SNU FY2020,Planning Attributes: COP Prioritization SNU FY2020,,Target,FY18,COP17 (FY18),Target,Planning Attributes: COP Prioritization SNU,https://www.datim.org/api/sqlViews/DotdxKrNZxG/data.html+css?var=dataSets:pTuDWXzkAkJ,DotdxKrNZxG,pTuDWXzkAkJ
,PEPFAR,Code List,OFP2PhPl8FI,,,,,Target,FY18,COP17 (FY18),Target,Medical Store,https://www.datim.org/api/sqlViews/DotdxKrNZxG/data.html+css?var=dataSets:OFP2PhPl8FI,DotdxKrNZxG,OFP2PhPl8FI
Collection,PEPFAR,Code List,uTvHPA1zqzi,MER_R_FACILITY_BASED_FY2017Q4,MER R: Facility Based FY2017Q4,MER Results: Facility Based FY2017Q4,,Result,FY17,COP16 (FY17Q4),Result,Facility Based Code List,https://www.datim.org/api/sqlViews/DotdxKrNZxG/data.html+css?var=dataSets:uTvHPA1zqzi,DotdxKrNZxG,uTvHPA1zqzi
Collection,PEPFAR,Code List,O3VMNi8EZSV,MER_R_COMMUNITY_BASED_FY2017Q4,MER R: Community Based FY2017Q4,MER Results: Community Based FY2017Q4,,Result,FY17,COP16 (FY17Q4),Result,Community Based Code List,https://www.datim.org/api/sqlViews/DotdxKrNZxG/data.html+css?var=dataSets:O3VMNi8EZSV,DotdxKrNZxG,O3VMNi8EZSV
Collection,PEPFAR,Code List,asptuHohmHt,MER_R_FACILITY_BASED_DOD_ONLY_FY2017Q4,MER R: Facility Based - DoD ONLY FY2017Q4,MER Results: Facility Based - DoD ONLY FY2017Q4,,Result,FY17,COP16 (FY17Q4),Result,Facility Based - DoD ONLY Code List,https://www.datim.org/api/sqlViews/DotdxKrNZxG/data.html+css?var=dataSets:asptuHohmHt,DotdxKrNZxG,asptuHohmHt
Collection,PEPFAR,Code List,Ir58H3zBKEC,MER_R_COMMUNITY_BASED_DOD_ONLY_FY2017Q4,MER R: Community Based - DoD ONLY FY2017Q4,MER Results: Community Based - DoD ONLY FY2017Q4,,Result,FY17,COP16 (FY17Q4),Result,Community Based - DoD ONLY Code List,https://www.datim.org/api/sqlViews/DotdxKrNZxG/data.html+css?var=dataSets:Ir58H3zBKEC,DotdxKrNZxG,Ir58H3zBKEC
Collection,PEPFAR,Code List,kuV7OezWYUj,MER_R_MEDICAL_STORE_FY2017Q4,MER R: Medical Store FY2017Q4,MER Results: Medical Store FY2017Q4,,Result,FY17,COP16 (FY17Q4),Result,Medical Store,https://www.datim.org/api/sqlViews/DotdxKrNZxG/data.html+css?var=dataSets:kuV7OezWYUj,DotdxKrNZxG,kuV7OezWYUj
Collection,PEPFAR,Code List,f78MvV1k0rA,MER_R_NARRATIVES_IM_FY2017Q4,MER R: Narratives (IM) FY2017Q4,MER Results: Narratives (IM) FY2017Q4,,Result,FY17,COP16 (FY17Q4),Result,Narratives (IM),https://www.datim.org/api/sqlViews/DotdxKrNZxG/data.html+css?var=dataSets:f78MvV1k0rA,DotdxKrNZxG,f78MvV1k0rA
Collection,PEPFAR,Code List,jTRF4LdklYA,MER_R_OPERATING_UNIT_LEVEL_IM_FY2017Q4,MER R: Operating Unit Level (IM) FY2017Q4,MER Results: Operating Unit Level (IM) FY2017Q4,,Result,FY17,COP16 (FY17Q4),Result,Operating Unit Level (IM),https://www.datim.org/api/sqlViews/DotdxKrNZxG/data.html+css?var=dataSets:jTRF4LdklYA,DotdxKrNZxG,jTRF4LdklYA
Collection,PEPFAR,Code List,bQTvQq3pDEK,HC_R_NARRATIVES_USG_FY2017Q4,HC R: Narratives (USG) FY2017Q4,Host Country Results: Narratives (USG) FY2017Q4,,Result,FY17,COP16 (FY17Q4),Result,Host Country Results: Narratives (USG),https://www.datim.org/api/sqlViews/DotdxKrNZxG/data.html+css?var=dataSets:bQTvQq3pDEK,DotdxKrNZxG,bQTvQq3pDEK
Collection,PEPFAR,Code List,tFBgL95CRtN,HC_R_OPERATING_UNIT_LEVEL_USG_FY2017Q4,HC R: Operating Unit Level (USG) FY2017Q4,Host Country Results: Operating Unit Level (USG) FY2017Q4,,Result,FY17,COP16 (FY17Q4),Result,Host Country Results: Operating Unit Level (USG),https://www.datim.org/api/sqlViews/DotdxKrNZxG/data.html+css?var=dataSets:tFBgL95CRtN,DotdxKrNZxG,tFBgL95CRtN
Collection,PEPFAR,Code List,zNMzQjXhX7w,HC_R_COP_PRIORITIZATION_SNU_USG_FY2017Q4,HC R: COP Prioritization SNU (USG) FY2017Q4,Host Country Results: COP Prioritization SNU (USG) FY2017Q4,,Result,FY17,COP16 (FY17Q4),Result,Host Country Results: COP Prioritization SNU (USG),https://www.datim.org/api/sqlViews/DotdxKrNZxG/data.html+css?var=dataSets:zNMzQjXhX7w,DotdxKrNZxG,zNMzQjXhX7w
Collection,PEPFAR,Code List,kkXf2zXqTM0,MER_R_FACILITY_BASED_FY2017Q3,MER R: Facility Based FY2017Q3,MER Results: Facility Based FY2017Q3,,Result,FY17,"COP16 (FY17Q2, FY17Q3)",Result,Facility Based Code List,https://www.datim.org/api/sqlViews/DotdxKrNZxG/data.html+css?var=dataSets:kkXf2zXqTM0,DotdxKrNZxG,kkXf2zXqTM0
Collection,PEPFAR,Code List,MqNLEXmzIzr,MER_R_COMMUNITY_BASED_FY2017Q3,MER R: Community Based FY2017Q3,MER Results: Community Based FY2017Q3,,Result,FY17,"COP16 (FY17Q2, FY17Q3)",Result,Community Based Code List,https://www.datim.org/api/sqlViews/DotdxKrNZxG/data.html+css?var=dataSets:MqNLEXmzIzr,DotdxKrNZxG,MqNLEXmzIzr
Collection,PEPFAR,Code List,K7FMzevlBAp,MER_R_FACILITY_BASED_DOD_ONLY_FY2017Q3,MER R: Facility Based - DoD ONLY FY2017Q3,MER Results: Facility Based - DoD ONLY FY2017Q3,,Result,FY17,"COP16 (FY17Q2, FY17Q3)",Result,Facility Based - DoD ONLY Code List,https://www.datim.org/api/sqlViews/DotdxKrNZxG/data.html+css?var=dataSets:K7FMzevlBAp,DotdxKrNZxG,K7FMzevlBAp
Collection,PEPFAR,Code List,UZ2PLqSe5Ri,MER_R_COMMUNITY_BASED_DOD_ONLY_FY2017Q3,MER R: Community Based - DoD ONLY FY2017Q3,MER Results: Community Based - DoD ONLY FY2017Q3,,Result,FY17,"COP16 (FY17Q2, FY17Q3)",Result,Community Based - DoD ONLY Code List,https://www.datim.org/api/sqlViews/DotdxKrNZxG/data.html+css?var=dataSets:UZ2PLqSe5Ri,DotdxKrNZxG,UZ2PLqSe5Ri
Collection,PEPFAR,Code List,CGoi5wjLHDy,MER_R_MEDICAL_STORE_FY2017Q3,MER R: Medical Store FY2017Q3,MER Results: Medical Store FY2017Q3,,Result,FY17,"COP16 (FY17Q2, FY17Q3)",Result,Medical Store,https://www.datim.org/api/sqlViews/DotdxKrNZxG/data.html+css?var=dataSets:CGoi5wjLHDy,DotdxKrNZxG,CGoi5wjLHDy
Collection,PEPFAR,Code List,LWE9GdlygD5,MER_R_OPERATING_UNIT_LEVEL_IM_FY2017Q3,MER R: Operating Unit Level (IM) FY2017Q3,MER Results: Operating Unit Level (IM) FY2017Q3,,Result,FY17,"COP16 (FY17Q2, FY17Q3)",Result,Narratives (IM),https://www.datim.org/api/sqlViews/DotdxKrNZxG/data.html+css?var=dataSets:LWE9GdlygD5,DotdxKrNZxG,LWE9GdlygD5
Collection,PEPFAR,Code List,tG2hjDIaYQD,MER_R_NARRATIVES_IM_FY2017Q3,MER R: Narratives (IM) FY2017Q3,MER Results: Narratives (IM) FY2017Q3,,Result,FY17,"COP16 (FY17Q2, FY17Q3)",Result,Operating Unit Level (IM),https://www.datim.org/api/sqlViews/DotdxKrNZxG/data.html+css?var=dataSets:tG2hjDIaYQD,DotdxKrNZxG,tG2hjDIaYQD
Collection,PEPFAR,Code List,Kxfk0KVsxDn,HC_R_NARRATIVES_USG_FY2017Q3,HC R: Narratives (USG) FY2017Q3,Host Country Results: Narratives (USG) FY2017Q3,,Result,FY17,"COP16 (FY17Q2, FY17Q3)",Result,Host Country Results: Narratives (USG),https://www.datim.org/api/sqlViews/DotdxKrNZxG/data.html+css?var=dataSets:Kxfk0KVsxDn,DotdxKrNZxG,Kxfk0KVsxDn
Collection,PEPFAR,Code List,PkmLpkrPdQG,HC_R_OPERATING_UNIT_LEVEL_USG_FY2017Q3,HC R: Operating Unit Level (USG) FY2017Q3,Host Country Results: Operating Unit Level (USG) FY2017Q3,,Result,FY17,"COP16 (FY17Q2, FY17Q3)",Result,Operating Unit Level (USG),https://www.datim.org/api/sqlViews/DotdxKrNZxG/data.html+css?var=dataSets:PkmLpkrPdQG,DotdxKrNZxG,PkmLpkrPdQG
Collection,PEPFAR,Code List,zeUCqFKIBDD,HC_R_COP_PRIORITIZATION_SNU_USG_FY2017Q3,HC R: COP Prioritization SNU (USG) FY2017Q3,Host Country Results: COP Prioritization SNU (USG) FY2017Q3,,Result,FY17,"COP16 (FY17Q2, FY17Q3)",Result,COP Prioritization SNU (USG),https://www.datim.org/api/sqlViews/DotdxKrNZxG/data.html+css?var=dataSets:zeUCqFKIBDD,DotdxKrNZxG,zeUCqFKIBDD
Collection,PEPFAR,Code List,hgOW2BSUDaN,MER_R_FACILITY_BASED_FY2017Q1,MER R: Facility Based FY2017Q1,MER Results: Facility Based FY2017Q1,,Result,FY17,COP16 (FY17Q1),Result,Facility Based Code List,https://www.datim.org/api/sqlViews/DotdxKrNZxG/data.html+css?var=dataSets:hgOW2BSUDaN,DotdxKrNZxG,hgOW2BSUDaN
Collection,PEPFAR,Code List,Awq346fnVLV,MER_R_COMMUNITY_BASED_FY2017Q1,MER R: Community Based FY2017Q1,MER Results: Community Based FY2017Q1,,Result,FY17,COP16 (FY17Q1),Result,Community Based Code List,https://www.datim.org/api/sqlViews/DotdxKrNZxG/data.html+css?var=dataSets:Awq346fnVLV,DotdxKrNZxG,Awq346fnVLV
Collection,PEPFAR,Code List,CS958XpDaUf,MER_R_FACILITY_BASED_DOD_ONLY_FY2017Q1,MER R: Facility Based - DoD ONLY FY2017Q1,MER Results: Facility Based - DoD ONLY FY2017Q1,,Result,FY17,COP16 (FY17Q1),Result,Facility Based - DoD ONLY Code List,https://www.datim.org/api/sqlViews/DotdxKrNZxG/data.html+css?var=dataSets:CS958XpDaUf,DotdxKrNZxG,CS958XpDaUf
Collection,PEPFAR,Code List,ovmC3HNi4LN,MER_R_COMMUNITY_BASED_DOD_ONLY_FY2017Q1,MER R: Community Based - DoD ONLY FY2017Q1,MER Results: Community Based - DoD ONLY FY2017Q1,,Result,FY17,COP16 (FY17Q1),Result,Community Based - DoD ONLY Code List,https://www.datim.org/api/sqlViews/DotdxKrNZxG/data.html+css?var=dataSets:ovmC3HNi4LN,DotdxKrNZxG,ovmC3HNi4LN
Collection,PEPFAR,Code List,zTgQ3MvHYtk,MER_R_NARRATIVES_IM_FY2017Q1,MER R: Narratives (IM) FY2017Q1,MER Results: Narratives (IM) FY2017Q1,,Result,FY17,COP16 (FY17Q1),Result,Narratives (IM),https://www.datim.org/api/sqlViews/DotdxKrNZxG/data.html+css?var=dataSets:zTgQ3MvHYtk,DotdxKrNZxG,zTgQ3MvHYtk
Collection,PEPFAR,Code List,KwkuZhKulqs,MER_R_OPERATING_UNIT_LEVEL_IM_FY2017Q1,MER R: Operating Unit Level (IM) FY2017Q1,MER Results: Operating Unit Level (IM) FY2017Q1,,Result,FY17,COP16 (FY17Q1),Result,Operating Unit Level (IM),https://www.datim.org/api/sqlViews/DotdxKrNZxG/data.html+css?var=dataSets:KwkuZhKulqs,DotdxKrNZxG,KwkuZhKulqs
Collection,PEPFAR,Code List,eAlxMKMZ9GV,HC_R_NARRATIVES_USG_FY2017Q1,HC R: Narratives (USG) FY2017Q1,Host Country Results: Narratives (USG) FY2017Q1,,Result,FY17,COP16 (FY17Q1),Result,Host Country Results: Narratives (USG),https://www.datim.org/api/sqlViews/DotdxKrNZxG/data.html+css?var=dataSets:eAlxMKMZ9GV,DotdxKrNZxG,eAlxMKMZ9GV
Collection,PEPFAR,Code List,qRvKHvlzNdv,MER_T_FACILITY_BASED_FY2017,MER T: Facility Based FY2017,MER Targets: Facility Based FY2017,,Target,FY17,COP16 (FY17),Target,Facility Based Code List,https://www.datim.org/api/sqlViews/DotdxKrNZxG/data.html+css?var=dataSets:qRvKHvlzNdv,DotdxKrNZxG,qRvKHvlzNdv
Collection,PEPFAR,Code List,tCIW2VFd8uu,MER_T_COMMUNITY_BASED_FY2017,MER T: Community Based FY2017,MER Targets: Community Based FY2017,,Target,FY17,COP16 (FY17),Target,Community Based Code List,https://www.datim.org/api/sqlViews/DotdxKrNZxG/data.html+css?var=dataSets:tCIW2VFd8uu,DotdxKrNZxG,tCIW2VFd8uu
Collection,PEPFAR,Code List,JXKUYJqmyDd,MER_T_FACILITY_BASED_DOD_ONLY_FY2017,MER T: Facility Based - DoD ONLY FY2017,MER Targets: Facility Based - DoD ONLY FY2017,,Target,FY17,COP16 (FY17),Target,Facility Based - DoD ONLY Code List,https://www.datim.org/api/sqlViews/DotdxKrNZxG/data.html+css?var=dataSets:JXKUYJqmyDd,DotdxKrNZxG,JXKUYJqmyDd
Collection,PEPFAR,Code List,lbwuIo56YoG,MER_T_COMMUNITY_BASED_DOD_ONLY_FY2017,MER T: Community Based - DoD ONLY FY2017,MER Targets: Community Based - DoD ONLY FY2017,DoD only version of community form so that location of collection remains unknown.,Target,FY17,COP16 (FY17),Target,Community Based - DoD ONLY Code List,https://www.datim.org/api/sqlViews/DotdxKrNZxG/data.html+css?var=dataSets:lbwuIo56YoG,DotdxKrNZxG,lbwuIo56YoG
Collection,PEPFAR,Code List,AyFVOGbAvcH,MER_T_NARRATIVES_IM_FY2017,MER T: Narratives (IM) FY2017,MER Targets: Narratives (IM) FY2017,,Target,FY17,COP16 (FY17),Target,Narratives (IM) Code List,https://www.datim.org/api/sqlViews/DotdxKrNZxG/data.html+css?var=dataSets:AyFVOGbAvcH,DotdxKrNZxG,AyFVOGbAvcH
Collection,PEPFAR,Code List,oYO9GvA05LE,HC_T_NARRATIVES_USG_FY2017,HC T: Narratives (USG) FY2017,Host Country Targets: Narratives (USG) FY2017,MER Targets Narratives entered by USG persons that summarize the partner narratives.,Target,FY17,COP16 (FY17),Target,Narratives (USG) Code List,https://www.datim.org/api/sqlViews/DotdxKrNZxG/data.html+css?var=dataSets:oYO9GvA05LE,DotdxKrNZxG,oYO9GvA05LE
Collection,PEPFAR,Code List,xxo1G5V1JG2,MER_T_OPERATING_UNIT_LEVEL_IM_FY2017,MER T: Operating Unit Level (IM) FY2017,MER Targets: Operating Unit Level (IM) FY2017,,Target,FY17,COP16 (FY17),Target,Operating Unit Level (IM) Code List,https://www.datim.org/api/sqlViews/DotdxKrNZxG/data.html+css?var=dataSets:xxo1G5V1JG2,DotdxKrNZxG,xxo1G5V1JG2
Collection,PEPFAR,Code List,Dd5c9117ukD,HC_T_OPERATING_UNIT_LEVEL_USG_FY2017,HC T: Operating Unit Level (USG) FY2017,Host Country Targets: Operating Unit Level (USG) FY2017,,Target,FY17,COP16 (FY17),Target,Operating Unit Level (USG) Code,https://www.datim.org/api/sqlViews/DotdxKrNZxG/data.html+css?var=dataSets:Dd5c9117ukD,DotdxKrNZxG,Dd5c9117ukD
Collection,PEPFAR,Code List,rK7VicBNzze,HC_T_COP_PRIORITIZATION_SNU_USG_FY2017,HC T: COP Prioritization SNU (USG) FY2017,Host Country Targets: COP Prioritization SNU (USG) FY2017,,Target,FY17,COP16 (FY17),Target,COP Prioritization SNU (USG),https://www.datim.org/api/sqlViews/DotdxKrNZxG/data.html+css?var=dataSets:rK7VicBNzze,DotdxKrNZxG,rK7VicBNzze
Collection,PEPFAR,Code List,rDAUgkkexU1,MER_TARGETS_SITE_FY15,MER T: Facility Based FY2016,MER Targets: Facility Based FY2016,,Target,FY16,COP15 (FY16),Target,Facility Based Code List,https://www.datim.org/api/sqlViews/DotdxKrNZxG/data.html+css?var=dataSets:rDAUgkkexU1,DotdxKrNZxG,rDAUgkkexU1
Collection,PEPFAR,Code List,xJ06pxmxfU6,MER_TARGETS_SUBNAT_FY15,MER T: Community Based FY2016,MER Targets: Community Based FY2016,,Target,FY16,COP15 (FY16),Target,Community Based Code List,https://www.datim.org/api/sqlViews/DotdxKrNZxG/data.html+css?var=dataSets:xJ06pxmxfU6,DotdxKrNZxG,xJ06pxmxfU6
Collection,PEPFAR,Code List,IOarm0ctDVL,MER_TARGETS_SITE_FY15_DOD,MER T: Facility Based - DoD ONLY FY2016,MER Targets: Facility Based - DoD ONLY FY2016,,Target,FY16,COP15 (FY16),Target,Facility Based - DoD ONLY Code List,https://www.datim.org/api/sqlViews/DotdxKrNZxG/data.html+css?var=dataSets:IOarm0ctDVL,DotdxKrNZxG,IOarm0ctDVL
Collection,PEPFAR,Code List,LBSk271pP7J,MER_TARGETS_SUBNAT_FY15_DOD,MER T: Community Based - DoD ONLY FY2016,MER Targets: Community Based - DoD ONLY FY2016,DoD only version of community form so that location of collection remains unknown.,Target,FY16,COP15 (FY16),Target,Community Based - DoD ONLY Code List,https://www.datim.org/api/sqlViews/DotdxKrNZxG/data.html+css?var=dataSets:LBSk271pP7J,DotdxKrNZxG,LBSk271pP7J
Collection,PEPFAR,Code List,VjGqATduoEX,MER_TARGETS_NARRTIVES_IM_FY2016,MER T: Narratives (IM) FY2016,MER Targets: Narratives (IM) FY2016,,Target,FY16,COP15 (FY16),Target,Narratives (IM) Code List,https://www.datim.org/api/sqlViews/DotdxKrNZxG/data.html+css?var=dataSets:VjGqATduoEX,DotdxKrNZxG,VjGqATduoEX
Collection,PEPFAR,Code List,PHyD22loBQH,MER_TARGETS_OU_IM_FY15,MER T: Operating Unit Level (IM) FY2016,MER Targets: Operating Unit Level (IM) FY2016,,Target,FY16,COP15 (FY16),Target,Operating Unit Level (IM),https://www.datim.org/api/sqlViews/DotdxKrNZxG/data.html+css?var=dataSets:PHyD22loBQH,DotdxKrNZxG,PHyD22loBQH
Collection,PEPFAR,Code List,TgcTZETxKlb,HC_T_NARRATIVES_USG_FY2016,HC T: Narratives (USG) FY2016,Host Country Targets: Narratives (USG) FY2016,MER Targets Narratives entered by USG persons that summarize the partner narratives.,Target,FY16,COP15 (FY16),Target,Narratives (USG),https://www.datim.org/api/sqlViews/DotdxKrNZxG/data.html+css?var=dataSets:TgcTZETxKlb,DotdxKrNZxG,TgcTZETxKlb
Collection,PEPFAR,Code List,GEhzw3dEw05,HC_T_OPERATING_UNIT_LEVEL_USG_FY2016,HC T: Operating Unit Level (USG) FY2016,Host Country Targets: Operating Unit Level (USG) FY2016,,Target,FY16,COP15 (FY16),Target,Operating Unit Level (USG),https://www.datim.org/api/sqlViews/DotdxKrNZxG/data.html+css?var=dataSets:GEhzw3dEw05,DotdxKrNZxG,GEhzw3dEw05
Collection,PEPFAR,Code List,ZaV4VSLstg7,MER_R_FACILITY_BASED_FY2016Q4,MER R: Facility Based FY2016Q4,MER Results: Facility Based FY2016Q4,,Result,FY16,COP15 (FY16 Q4),Result,Facility Based Code List,https://www.datim.org/api/sqlViews/DotdxKrNZxG/data.html+css?var=dataSets:ZaV4VSLstg7,DotdxKrNZxG,ZaV4VSLstg7
Collection,PEPFAR,Code List,sCar694kKxH,MER_R_COMMUNITY_BASED_FY2016Q4,MER R: Community Based FY2016Q4,MER Results: Community Based FY2016Q4,,Result,FY16,COP15 (FY16 Q4),Result,Community Based Code List,https://www.datim.org/api/sqlViews/DotdxKrNZxG/data.html+css?var=dataSets:sCar694kKxH,DotdxKrNZxG,sCar694kKxH
Collection,PEPFAR,Code List,vvHCWnhULAf,MER_R_FACILITY_BASED_DOD_ONLY_FY2016Q4,MER R: Facility Based - DoD ONLY FY2016Q4,MER Results: Facility Based - DoD ONLY FY2016Q4,,Result,FY16,COP15 (FY16 Q4),Result,Facility Based - DoD ONLY Code List,https://www.datim.org/api/sqlViews/DotdxKrNZxG/data.html+css?var=dataSets:vvHCWnhULAf,DotdxKrNZxG,vvHCWnhULAf
Collection,PEPFAR,Code List,j9bKklpTDBZ,MER_R_COMMUNITY_BASED_DOD_ONLY_FY2016Q4,MER R: Community Based - DoD ONLY FY2016Q4,MER Results: Community Based - DoD ONLY FY2016Q4,,Result,FY16,COP15 (FY16 Q4),Result,Community Based - DoD ONLY Code List,https://www.datim.org/api/sqlViews/DotdxKrNZxG/data.html+css?var=dataSets:j9bKklpTDBZ,DotdxKrNZxG,j9bKklpTDBZ
Collection,PEPFAR,Code List,gZ1FgiGUlSj,MER_R_MEDICAL_STORE_FY2016Q4,MER R: Medical Store FY2016Q4,MER Results: Medical Store FY2016Q4,,Result,FY16,COP15 (FY16 Q4),Result,Medical Store,https://www.datim.org/api/sqlViews/DotdxKrNZxG/data.html+css?var=dataSets:gZ1FgiGUlSj,DotdxKrNZxG,gZ1FgiGUlSj
Collection,PEPFAR,Code List,xBRAscSmemV,MER_R_NARRATIVES_IM_FY2016Q4,MER R: Narratives (IM) FY2016Q4,MER Results: Narratives (IM) FY2016Q4,,Result,FY16,COP15 (FY16 Q4),Result,Narratives (IM),https://www.datim.org/api/sqlViews/DotdxKrNZxG/data.html+css?var=dataSets:xBRAscSmemV,DotdxKrNZxG,xBRAscSmemV
Collection,PEPFAR,Code List,VWdBdkfYntI,MER_R_OPERATING_UNIT_LEVEL_IM_FY2016Q4,MER R: Operating Unit Level (IM) FY2016Q4,MER Results: Operating Unit Level (IM) FY2016Q4,,Result,FY16,COP15 (FY16 Q4),Result,Operating Unit Level (IM),https://www.datim.org/api/sqlViews/DotdxKrNZxG/data.html+css?var=dataSets:VWdBdkfYntI,DotdxKrNZxG,VWdBdkfYntI
Collection,PEPFAR,Code List,vZaDfrR6nmF,HC_R_NARRATIVES_USG_FY2016Q4,HC R: Narratives (USG) FY2016Q4,Host Country Results: Narratives (USG) FY2016Q4,,Result,FY16,COP15 (FY16 Q4),Result,Host Country Results: Narratives (USG),https://www.datim.org/api/sqlViews/DotdxKrNZxG/data.html+css?var=dataSets:vZaDfrR6nmF,DotdxKrNZxG,vZaDfrR6nmF
Collection,PEPFAR,Code List,i29foJcLY9Y,MER_RESULTS_SITE_FY15,MER R: Facility Based FY2016Q3,MER Results: Facility Based FY2016Q3,,Result,FY16,COP15 (FY16 Q1Q2Q3),Result,Facility Based Code List,https://www.datim.org/api/sqlViews/DotdxKrNZxG/data.html+css?var=dataSets:i29foJcLY9Y,DotdxKrNZxG,i29foJcLY9Y
Collection,PEPFAR,Code List,STL4izfLznL,MER_RESULTS_SUBNAT_FY15,MER R: Community Based FY2016Q3,MER Results: Community Based FY2016Q3,,Result,FY16,COP15 (FY16 Q1Q2Q3),Result,Community Based Code List,https://www.datim.org/api/sqlViews/DotdxKrNZxG/data.html+css?var=dataSets:STL4izfLznL,DotdxKrNZxG,STL4izfLznL
Collection,PEPFAR,Code List,j1i6JjOpxEq,MER_RESULTS_SITE_FY15_DOD,MER R: Facility Based - DoD ONLY FY2016Q3,MER Results: Facility Based - DoD ONLY FY2016Q3,,Result,FY16,COP15 (FY16 Q1Q2Q3),Result,Facility Based - DoD ONLY Code List,https://www.datim.org/api/sqlViews/DotdxKrNZxG/data.html+css?var=dataSets:j1i6JjOpxEq,DotdxKrNZxG,j1i6JjOpxEq
Collection,PEPFAR,Code List,asHh1YkxBU5,MER_RESULTS_SUBNAT_FY15_DOD,MER R: Community Based - DoD ONLY FY2016Q3,MER Results: Community Based - DoD ONLY FY2016Q3,DoD only version of community form so that location of collection remains unknown.,Result,FY16,COP15 (FY16 Q1Q2Q3),Result,Community Based - DoD ONLY Code List,https://www.datim.org/api/sqlViews/DotdxKrNZxG/data.html+css?var=dataSets:asHh1YkxBU5,DotdxKrNZxG,asHh1YkxBU5
Collection,PEPFAR,Code List,hIm0HGCKiPv,MER_R_MEDICAL_STORE_FY2016Q3,MER R: Medical Store FY2016Q3,MER Results: Medical Store FY2016Q3,,Result,FY16,COP15 (FY16 Q1Q2Q3),Result,Medical Store,https://www.datim.org/api/sqlViews/DotdxKrNZxG/data.html+css?var=dataSets:hIm0HGCKiPv,DotdxKrNZxG,hIm0HGCKiPv
Collection,PEPFAR,Code List,NJlAVhe4zjv,MER_R_NARRATIVES_IM_FY2016Q3,MER R: Narratives (IM) FY2016Q3,MER Results: Narratives (IM) FY2016Q3,,Result,FY16,COP15 (FY16 Q1Q2Q3),Result,Narratives (IM),https://www.datim.org/api/sqlViews/DotdxKrNZxG/data.html+css?var=dataSets:NJlAVhe4zjv,DotdxKrNZxG,NJlAVhe4zjv
Collection,PEPFAR,Code List,ovYEbELCknv,MER_RESULTS_OU_IM_FY15,MER R: Operating Unit Level (IM) FY2016Q3,MER Results: Operating Unit Level (IM) FY2016Q3,,Result,FY16,COP15 (FY16 Q1Q2Q3),Result,Operating Unit Level (IM),https://www.datim.org/api/sqlViews/DotdxKrNZxG/data.html+css?var=dataSets:ovYEbELCknv,DotdxKrNZxG,ovYEbELCknv
Collection,PEPFAR,Code List,f6NLvRGixJV,HC_R_NARRATIVES_USG_FY2016Q3,HC R: Narratives (USG) FY2016Q3,Host Country Results: Narratives (USG) FY2016Q3,MER Results Narratives entered by USG persons to summarize across partners.,Result,FY16,COP15 (FY16 Q1Q2Q3),Result,Host Country Results: Narratives (USG),https://www.datim.org/api/sqlViews/DotdxKrNZxG/data.html+css?var=dataSets:f6NLvRGixJV,DotdxKrNZxG,f6NLvRGixJV
Collection,PEPFAR,Code List,lD9O8vQgH8R,HC_R_OPERATING_UNIT_LEVEL_USG_FY2016Q3,HC R: Operating Unit Level (USG) FY2016Q3,Host Country Results: Operating Unit Level (USG) FY2016Q3,,Result,FY16,COP15 (FY16 Q1Q2Q3),Result,Host Country Results: Operating Unit Level (USG),https://www.datim.org/api/sqlViews/DotdxKrNZxG/data.html+css?var=dataSets:lD9O8vQgH8R,DotdxKrNZxG,lD9O8vQgH8R